{
  "type": "entity",
  "pools": [
    {
      "rolls": 8,
      "entries": [
        {
          "type": "item",
          "weight": 3,
          "quality": 0,
          "name": "minecraft:calcite",
          "functions": [
            {
              "function": "set_count",
              "count": {
                "min": 6,
                "max": 10
              }
            }
          ]
        },
        {
          "type": "item",
          "weight": 3,
          "quality": 0,
          "name": "minecraft:glow_lichen",
          "functions": [
            {
              "function": "set_count",
              "count": {
                "min": 6,
                "max": 10
              }
            }
          ]
        },
        {
          "type": "item",
          "weight": 3,
          "quality": 0,
          "name": "minecraft:glow_berries",
          "functions": [
            {
              "function": "set_count",
              "count": {
                "min": 6,
                "max": 10
              }
            }
          ]
        },
        {
          "type": "item",
          "weight": 2,
          "quality": 0,
          "name": "minecraft:glow_ink_sac",
          "functions": [
            {
              "function": "set_count",
              "count": {
                "min": 6,
                "max": 10
              }
            }
          ]
        },
        {
          "type": "item",
          "weight": 2,
          "quality": 1,
          "name": "minecraft:dripstone_block",
          "functions": [
            {
              "function": "set_count",
              "count": {
                "min": 6,
                "max": 10
              }
            }
          ]
        },
        {
          "type": "item",
          "weight": 3,
          "quality": 0,
          "name": "minecraft:pointed_dripstone",
          "functions": [
            {
              "function": "set_count",
              "count": {
                "min": 6,
                "max": 10
              }
            }
          ]
        },
        {
          "type": "item",
          "weight": 2,
          "quality": 1,
          "name": "minecraft:raw_gold",
          "functions": [
            {
              "function": "set_count",
              "count": {
                "min": 4,
                "max": 8
              }
            }
          ]
        },
        {
          "type": "item",
          "weight": 2,
          "quality": 1,
          "name": "minecraft:raw_iron",
          "functions": [
            {
              "function": "set_count",
              "count": {
                "min": 4,
                "max": 8
              }
            }
          ]
        },
        {
          "type": "item",
          "weight": 2,
          "quality": 1,
          "name": "minecraft:raw_copper",
          "functions": [
            {
              "function": "set_count",
              "count": {
                "min": 4,
                "max": 8
              }
            }
          ]
        },
        {
          "type": "item",
          "weight": 3,
          "quality": 0,
          "name": "minecraft:small_amethyst_bud",
          "functions": [
            {
              "function": "set_count",
              "count": {
                "min": 4,
                "max": 8
              }
            }
          ]
        },
        {
          "type": "item",
          "weight": 2,
          "quality": 0,
          "name": "minecraft:medium_amethyst_bud",
          "functions": [
            {
              "function": "set_count",
              "count": {
                "min": 4,
                "max": 8
              }
            }
          ]
        },
        {
          "type": "item",
          "weight": 1,
          "quality": 0,
          "name": "minecraft:large_amethyst_bud",
          "functions": [
            {
              "function": "set_count",
              "count": {
                "min": 4,
                "max": 8
              }
            }
          ]
        },
        {
          "type": "item",
          "weight": 2,
          "quality": 0,
          "name": "minecraft:amethyst_shard",
          "functions": [
            {
              "function": "set_count",
              "count": {
                "min": 6,
                "max": 10
              }
            }
          ]
        },
        {
          "type": "item",
          "weight": 1,
          "quality": 1,
          "name": "minecraft:amethyst_cluster",
          "functions": [
            {
              "function": "set_count",
              "count": {
                "min": 4,
                "max": 8
              }
            }
          ]
        }
      ]
    }
  ]
}