{
  "type": "entity",
  "pools": [
    {
      "rolls": 8,
      "bonus_rolls": 0,
      "entries": [
        {
          "type": "item",
          "weight": 1,
          "quality": 0,
          "name": "minecraft:firework_rocket",
          "functions": [
            {
              "function": "set_count",
              "count": {
                "min": 4,
                "max": 10
              }
            },
            {
              "function": "set_nbt",
              "tag": "{Fireworks:{Flight:3b,Explosions:[{Type:1,Flicker:1b,Trail:1b,Colors:[I;16711680]},{Type:1,Trail:1b,Colors:[I;16777215]},{Type:0,Colors:[I;3886847]}]}}"
            },
            {
              "function": "set_name",
              "name": [
                {
                  "text": "Red White and Blue"
                }
              ]
            }
          ]
        },
        {
          "type": "item",
          "weight": 1,
          "quality": 0,
          "name": "minecraft:firework_rocket",
          "functions": [
            {
              "function": "set_count",
              "count": {
                "min": 4,
                "max": 10
              }
            },
            {
              "function": "set_nbt",
              "tag": "{Fireworks:{Flight:2b,Explosions:[{Type:4,Trail:1b,Colors:[I;16764723],FadeColors:[I;10381353]},{Type:4,Trail:1b,Colors:[I;16773263],FadeColors:[I;13213758]},{Type:4,Trail:1b,Colors:[I;16746496],FadeColors:[I;11551772]}]}}"
            },
            {
              "function": "set_name",
              "name": [
                {
                  "text": "Dandelion"
                }
              ]
            }
          ]
        },
        {
          "type": "item",
          "weight": 1,
          "quality": 0,
          "name": "minecraft:firework_rocket",
          "functions": [
            {
              "function": "set_count",
              "count": {
                "min": 4,
                "max": 10
              }
            },
            {
              "function": "set_nbt",
              "tag": "{Fireworks:{Flight:2b,Explosions:[{Type:0,Flicker:1b,Trail:1b,Colors:[I;16252159],FadeColors:[I;10992322]},{Type:0,Flicker:1b,Trail:1b,Colors:[I;14416127],FadeColors:[I;7387315]},{Type:4,Flicker:1b,Trail:1b,Colors:[I;16777215],FadeColors:[I;11250603]}]}}"
            },
            {
              "function": "set_name",
              "name": [
                {
                  "text": "Lily of the Valley"
                }
              ]
            }
          ]
        },
        {
          "type": "item",
          "weight": 1,
          "quality": 0,
          "name": "minecraft:firework_rocket",
          "functions": [
            {
              "function": "set_count",
              "count": {
                "min": 4,
                "max": 10
              }
            },
            {
              "function": "set_nbt",
              "tag": "{Fireworks:{Flight:3b,Explosions:[{Type:1,Trail:1b,Colors:[I;16750307],FadeColors:[I;10699145]},{Type:1,Flicker:1b,Colors:[I;11808214],FadeColors:[I;7679129]},{Type:0,Flicker:1b,Trail:1b,Colors:[I;16748562],FadeColors:[I;10239312]}]}}"
            },
            {
              "function": "set_name",
              "name": [
                {
                  "text": "Spore Blossom"
                }
              ]
            }
          ]
        },
        {
          "type": "item",
          "weight": 1,
          "quality": 0,
          "name": "minecraft:firework_rocket",
          "functions": [
            {
              "function": "set_count",
              "count": {
                "min": 4,
                "max": 10
              }
            },
            {
              "function": "set_nbt",
              "tag": "{Fireworks:{Flight:2b,Explosions:[{Type:0,Colors:[I;10354688],FadeColors:[I;5046272]},{Type:0,Colors:[I;16711680],FadeColors:[I;10878976]}]}}"
            },
            {
              "function": "set_name",
              "name": [
                {
                  "text": "Poppy"
                }
              ]
            }
          ]
        },
        {
          "type": "item",
          "weight": 1,
          "quality": 0,
          "name": "minecraft:firework_rocket",
          "functions": [
            {
              "function": "set_count",
              "count": {
                "min": 4,
                "max": 10
              }
            },
            {
              "function": "set_nbt",
              "tag": "{Fireworks:{Flight:2b,Explosions:[{Type:4,Trail:1b,Colors:[I;4359367],FadeColors:[I;2242168]},{Type:4,Flicker:1b,Colors:[I;6081023],FadeColors:[I;2832557]}]}}"
            },
            {
              "function": "set_name",
              "name": [
                {
                  "text": "Blue Orchid"
                }
              ]
            }
          ]
        },
        {
          "type": "item",
          "weight": 1,
          "quality": 0,
          "name": "minecraft:firework_rocket",
          "functions": [
            {
              "function": "set_count",
              "count": {
                "min": 4,
                "max": 10
              }
            },
            {
              "function": "set_nbt",
              "tag": "{Fireworks:{Flight:3b,Explosions:[{Type:1,Trail:1b,Colors:[I;8799928],FadeColors:[I;6369909]},{Type:1,Flicker:1b,Colors:[I;14202367],FadeColors:[I;10314664]}]}}"
            },
            {
              "function": "set_name",
              "name": [
                {
                  "text": "Allium"
                }
              ]
            }
          ]
        },
        {
          "type": "item",
          "weight": 1,
          "quality": 0,
          "name": "minecraft:firework_rocket",
          "functions": [
            {
              "function": "set_count",
              "count": {
                "min": 4,
                "max": 10
              }
            },
            {
              "function": "set_nbt",
              "tag": "{Fireworks:{Flight:2b,Explosions:[{Type:0,Flicker:1b,Colors:[I;2264881],FadeColors:[I;931363]},{Type:4,Flicker:1b,Colors:[I;16252672],FadeColors:[I;8743718]},{Type:4,Flicker:1b,Trail:1b,Colors:[I;15925245],FadeColors:[I;6716026]}]}}"
            },
            {
              "function": "set_name",
              "name": [
                {
                  "text": "Azure Bluet"
                }
              ]
            }
          ]
        },
        {
          "type": "item",
          "weight": 1,
          "quality": 0,
          "name": "minecraft:firework_rocket",
          "functions": [
            {
              "function": "set_count",
              "count": {
                "min": 4,
                "max": 10
              }
            },
            {
              "function": "set_nbt",
              "tag": "{Fireworks:{Flight:2b,Explosions:[{Type:2,Flicker:1b,Trail:1b,Colors:[I;9502720],FadeColors:[I;5046272]},{Type:0,Flicker:1b,Trail:1b,Colors:[I;16711680],FadeColors:[I;9699328]}]}}"
            },
            {
              "function": "set_name",
              "name": [
                {
                  "text": "Red Tulip"
                }
              ]
            }
          ]
        },
        {
          "type": "item",
          "weight": 1,
          "quality": 0,
          "name": "minecraft:firework_rocket",
          "functions": [
            {
              "function": "set_count",
              "count": {
                "min": 4,
                "max": 10
              }
            },
            {
              "function": "set_nbt",
              "tag": "{Fireworks:{Flight:2b,Explosions:[{Type:2,Flicker:1b,Trail:1b,Colors:[I;11038720],FadeColors:[I;8013600]},{Type:0,Flicker:1b,Trail:1b,Colors:[I;16760850],FadeColors:[I;11367483]}]}}"
            },
            {
              "function": "set_name",
              "name": [
                {
                  "text": "Orange Tulip"
                }
              ]
            }
          ]
        },
        {
          "type": "item",
          "weight": 1,
          "quality": 0,
          "name": "minecraft:firework_rocket",
          "functions": [
            {
              "function": "set_count",
              "count": {
                "min": 4,
                "max": 10
              }
            },
            {
              "function": "set_nbt",
              "tag": "{Fireworks:{Flight:2b,Explosions:[{Type:2,Flicker:1b,Trail:1b,Colors:[I;10076103],FadeColors:[I;6321794]},{Type:0,Flicker:1b,Trail:1b,Colors:[I;16580607],FadeColors:[I;8292756]}]}}"
            },
            {
              "function": "set_name",
              "name": [
                {
                  "text": "White Tulip"
                }
              ]
            }
          ]
        },
        {
          "type": "item",
          "weight": 1,
          "quality": 0,
          "name": "minecraft:firework_rocket",
          "functions": [
            {
              "function": "set_count",
              "count": {
                "min": 4,
                "max": 10
              }
            },
            {
              "function": "set_nbt",
              "tag": "{Fireworks:{Flight:2b,Explosions:[{Type:2,Flicker:1b,Trail:1b,Colors:[I;14585054],FadeColors:[I;11362698]},{Type:0,Flicker:1b,Trail:1b,Colors:[I;16759521],FadeColors:[I;14060987]}]}}"
            },
            {
              "function": "set_name",
              "name": [
                {
                  "text": "Pink Tulip"
                }
              ]
            }
          ]
        },
        {
          "type": "item",
          "weight": 1,
          "quality": 0,
          "name": "minecraft:firework_rocket",
          "functions": [
            {
              "function": "set_count",
              "count": {
                "min": 4,
                "max": 10
              }
            },
            {
              "function": "set_nbt",
              "tag": "{Fireworks:{Flight:3b,Explosions:[{Type:1,Trail:1b,Colors:[I;15924735],FadeColors:[I;10470594]},{Type:0,Flicker:1b,Trail:1b,Colors:[I;16775206],FadeColors:[I;13408305]}]}}"
            },
            {
              "function": "set_name",
              "name": [
                {
                  "text": "Oxeye Daisy"
                }
              ]
            }
          ]
        },
        {
          "type": "item",
          "weight": 1,
          "quality": 0,
          "name": "minecraft:firework_rocket",
          "functions": [
            {
              "function": "set_count",
              "count": {
                "min": 4,
                "max": 10
              }
            },
            {
              "function": "set_nbt",
              "tag": "{Fireworks:{Flight:2b,Explosions:[{Type:4,Trail:1b,Colors:[I;6054399],FadeColors:[I;3943093]},{Type:4,Flicker:1b,Colors:[I;10926335],FadeColors:[I;2836697]}]}}"
            },
            {
              "function": "set_name",
              "name": [
                {
                  "text": "Cornflower"
                }
              ]
            }
          ]
        },
        {
          "type": "item",
          "weight": 1,
          "quality": 0,
          "name": "minecraft:firework_rocket",
          "functions": [
            {
              "function": "set_count",
              "count": {
                "min": 4,
                "max": 10
              }
            },
            {
              "function": "set_nbt",
              "tag": "{Fireworks:{Flight:2b,Explosions:[{Type:0,Trail:1b,Colors:[I;2696227],FadeColors:[I;0]},{Type:0,Flicker:1b,Colors:[I;3880494],FadeColors:[I;2170910]},{Type:0,Flicker:1b,Colors:[I;0],FadeColors:[I;3157549]}]}}"
            },
            {
              "function": "set_name",
              "name": [
                {
                  "text": "Wither Rose"
                }
              ]
            }
          ]
        },
        {
          "type": "item",
          "weight": 1,
          "quality": 0,
          "name": "minecraft:firework_rocket",
          "functions": [
            {
              "function": "set_count",
              "count": {
                "min": 4,
                "max": 10
              }
            },
            {
              "function": "set_nbt",
              "tag": "{Fireworks:{Flight:3b,Explosions:[{Type:1,Trail:1b,Colors:[I;12748577],FadeColors:[I;8210478]},{Type:1,Flicker:1b,Colors:[I;16757504],FadeColors:[I;13394459]},{Type:1,Flicker:1b,Colors:[I;16772608],FadeColors:[I;15255810]}]}}"
            },
            {
              "function": "set_name",
              "name": [
                {
                  "text": "Sunflower"
                }
              ]
            }
          ]
        },
        {
          "type": "item",
          "weight": 1,
          "quality": 0,
          "name": "minecraft:firework_rocket",
          "functions": [
            {
              "function": "set_count",
              "count": {
                "min": 4,
                "max": 10
              }
            },
            {
              "function": "set_nbt",
              "tag": "{Fireworks:{Flight:3b,Explosions:[{Type:4,Flicker:1b,Colors:[I;4432660],FadeColors:[I;3095836]},{Type:4,Flicker:1b,Trail:1b,Colors:[I;11630517],FadeColors:[I;6697049]},{Type:4,Flicker:1b,Trail:1b,Colors:[I;16292351],FadeColors:[I;9524105]},{Type:4,Flicker:1b,Trail:1b,Colors:[I;16760829],FadeColors:[I;9200803]}]}}"
            },
            {
              "function": "set_name",
              "name": [
                {
                  "text": "Lilac"
                }
              ]
            }
          ]
        },
        {
          "type": "item",
          "weight": 1,
          "quality": 0,
          "name": "minecraft:firework_rocket",
          "functions": [
            {
              "function": "set_count",
              "count": {
                "min": 4,
                "max": 10
              }
            },
            {
              "function": "set_nbt",
              "tag": "{Fireworks:{Flight:3b,Explosions:[{Type:4,Flicker:1b,Trail:1b,Colors:[I;3201846],FadeColors:[I;798728]},{Type:0,Trail:1b,Colors:[I;9502987],FadeColors:[I;4849664]},{Type:0,Flicker:1b,Colors:[I;14352399],FadeColors:[I;8718361]},{Type:0,Flicker:1b,Colors:[I;16711680],FadeColors:[I;12189696]}]}}"
            },
            {
              "function": "set_name",
              "name": [
                {
                  "text": "Rose Bush"
                }
              ]
            }
          ]
        },
        {
          "type": "item",
          "weight": 1,
          "quality": 0,
          "name": "minecraft:firework_rocket",
          "functions": [
            {
              "function": "set_count",
              "count": {
                "min": 4,
                "max": 10
              }
            },
            {
              "function": "set_nbt",
              "tag": "{Fireworks:{Flight:3b,Explosions:[{Type:4,Flicker:1b,Trail:1b,Colors:[I;20237],FadeColors:[I;270616]},{Type:0,Trail:1b,Colors:[I;12736432],FadeColors:[I;8406627]},{Type:0,Flicker:1b,Colors:[I;16627967],FadeColors:[I;8738949]},{Type:0,Flicker:1b,Colors:[I;16703231],FadeColors:[I;12816327]}]}}"
            },
            {
              "function": "set_name",
              "name": [
                {
                  "text": "Peony"
                }
              ]
            }
          ]
        }
      ]
    }
  ]
}