{
  "type": "entity",
  "pools": [
    {
      "rolls": 8,
      "entries": [
        {
          "type": "item",
          "weight": 4,
          "quality": 0,
          "name": "minecraft:sponge",
          "functions": [
            {
              "function": "set_count",
              "count": {
                "min": 1,
                "max": 4
              }
            }
          ]
        },
        {
          "type": "item",
          "weight": 2,
          "quality": 1,
          "name": "minecraft:nautilus_shell",
          "functions": [
            {
              "function": "set_count",
              "count": 1
            }
          ]
        },
        {
          "type": "item",
          "weight": 1,
          "quality": 1,
          "name": "minecraft:heart_of_the_sea",
          "functions": [
            {
              "function": "set_count",
              "count": 1
            }
          ]
        },
        {
          "type": "item",
          "weight": 3,
          "quality": 0,
          "name": "minecraft:turtle_egg",
          "functions": [
            {
              "function": "set_count",
              "count": {
                "min": 2,
                "max": 4
              }
            }
          ]
        },
        {
          "type": "item",
          "weight": 4,
          "quality": 0,
          "name": "minecraft:prismarine_shard",
          "functions": [
            {
              "function": "set_count",
              "count": {
                "min": 4,
                "max": 12
              }
            }
          ]
        },
        {
          "type": "item",
          "weight": 3,
          "quality": 1,
          "name": "minecraft:prismarine_crystals",
          "functions": [
            {
              "function": "set_count",
              "count": {
                "min": 4,
                "max": 8
              }
            }
          ]
        },
        {
          "type": "item",
          "weight": 2,
          "quality": 1,
          "name": "minecraft:fire_coral",
          "functions": [
            {
              "function": "set_count",
              "count": {
                "min": 4,
                "max": 8
              }
            }
          ]
        },
        {
          "type": "item",
          "weight": 2,
          "quality": 1,
          "name": "minecraft:horn_coral",
          "functions": [
            {
              "function": "set_count",
              "count": {
                "min": 4,
                "max": 8
              }
            }
          ]
        },
        {
          "type": "item",
          "weight": 2,
          "quality": 1,
          "name": "minecraft:tube_coral",
          "functions": [
            {
              "function": "set_count",
              "count": {
                "min": 4,
                "max": 8
              }
            }
          ]
        },
        {
          "type": "item",
          "weight": 2,
          "quality": 1,
          "name": "minecraft:brain_coral",
          "functions": [
            {
              "function": "set_count",
              "count": {
                "min": 4,
                "max": 8
              }
            }
          ]
        },
        {
          "type": "item",
          "weight": 2,
          "quality": 1,
          "name": "minecraft:bubble_coral",
          "functions": [
            {
              "function": "set_count",
              "count": {
                "min": 4,
                "max": 8
              }
            }
          ]
        },
        {
          "type": "item",
          "weight": 2,
          "quality": 1,
          "name": "minecraft:fire_coral_fan",
          "functions": [
            {
              "function": "set_count",
              "count": {
                "min": 4,
                "max": 8
              }
            }
          ]
        },
        {
          "type": "item",
          "weight": 2,
          "quality": 1,
          "name": "minecraft:horn_coral_fan",
          "functions": [
            {
              "function": "set_count",
              "count": {
                "min": 4,
                "max": 8
              }
            }
          ]
        },
        {
          "type": "item",
          "weight": 2,
          "quality": 1,
          "name": "minecraft:tube_coral_fan",
          "functions": [
            {
              "function": "set_count",
              "count": {
                "min": 4,
                "max": 8
              }
            }
          ]
        },
        {
          "type": "item",
          "weight": 2,
          "quality": 1,
          "name": "minecraft:brain_coral_fan",
          "functions": [
            {
              "function": "set_count",
              "count": {
                "min": 4,
                "max": 8
              }
            }
          ]
        },
        {
          "type": "item",
          "weight": 2,
          "quality": 1,
          "name": "minecraft:bubble_coral_fan",
          "functions": [
            {
              "function": "set_count",
              "count": {
                "min": 4,
                "max": 8
              }
            }
          ]
        }
      ]
    }
  ]
}