{
  "type": "entity",
  "pools": [
    {
      "rolls": 1,
      "bonus_rolls": 0,
      "entries": [
        {
          "type": "minecraft:loot_table",
          "weight": 10,
          "quality": 0,
          "name": "bundle_sales:bundle_loot/candles"
        },
		{
          "type": "minecraft:loot_table",
          "weight": 10,
          "quality": 0,
          "name": "bundle_sales:bundle_loot/fireworks"
        },
		{
          "type": "minecraft:loot_table",
          "weight": 10,
          "quality": 0,
          "name": "bundle_sales:bundle_loot/caves"
        },
		{
          "type": "minecraft:loot_table",
          "weight": 10,
          "quality": 0,
          "name": "bundle_sales:bundle_loot/food"
        },
		{
          "type": "minecraft:loot_table",
          "weight": 10,
          "quality": 0,
          "name": "bundle_sales:bundle_loot/plants"
        },
		{
          "type": "minecraft:loot_table",
          "weight": 10,
          "quality": 0,
          "name": "bundle_sales:bundle_loot/ocean"
        }
      ]
    }
  ]
}