{
  "display": {
    "title": "Wandering Bundler v1.4.0",
    "description": "Missing bundles in Caves and Cliffs Part I, II, and The Wild? The Wandering Trader has them! And they're full of loot! Keep emeralds handy!",
    "icon": {
   "item": "minecraft:bundle"
	},
    "background": "minecraft:textures/block/deepslate.png",
    "show_toast": false,
    "announce_to_chat": false
  },
  "parent": "global:danbearpig82",
  "criteria": {
    "trigger": {
      "trigger": "minecraft:tick"
    }
  }
}